{"cameraMode":{"drawMode":0,"name":"Shaded","section":"Shading Mode"},"sceneLighting":true,"audioPlay":false,"sceneViewState":{"m_AlwaysRefresh":false,"showFog":true,"showSkybox":true,"showFlares":true,"showImageEffects":true,"showParticleSystems":true,"showVisualEffectGraphs":true,"m_FxEnabled":true},"in2DMode":false,"pivot":{"x":-1.3750498294830323,"y":0.26854753494262698,"z":0.48726916313171389},"rotation":{"x":-0.5594668388366699,"y":-0.1120842918753624,"z":0.07665836066007614,"w":-0.8177487850189209},"size":1.2247449159622193,"orthographic":false}